Tempo (ms);Trajetória 1;Trajetória 2
8928;100.252220024653;117.93011474083
8962;100.291592732878;117.972117755874
8986;100.323292251067;118.005228657931
9012;100.343924226256;118.025797761934
9062;100.354530928522;118.035454170501
9098;100.358168148853;118.037987505439
9129;100.357939475971;118.036961457851
9161;100.35615632883;118.034823986968
9191;100.354190872697;118.032871819798
9224;100.352660533735;118.0315680854
9256;100.351704799859;118.030910177083
9299;100.351227466149;118.030711203279
9328;100.35105979029;118.030765386461
9368;100.351048163465;118.030919543445
9399;100.351087612213;118.031086788301
9432;100.351122992303;118.03123290927
9455;100.35113563263;118.031355087463
9484;100.351127452265;118.031464300939
9512;100.351108483867;118.031575590521
9547;100.351089121081;118.031703642254
9588;100.351075938155;118.031858766011
9622;100.351070045645;118.032042128374
9653;100.351067822856;118.032244811989
9694;100.351063710541;118.032453317853
9714;100.351053724811;118.032656475867
9756;100.351037218429;118.032848347642
9803;100.351015692815;118.033027159161
9832;100.350990561198;118.033193178794
9858;100.350962040986;118.033347605604
9900;100.350929345082;118.033491935861
9919;100.350891735239;118.033626738059
9961;100.350850247877;118.033750639582
9996;100.350809145262;118.033860892458
10022;100.350775570686;118.033955250552
10051;100.350756899611;118.034032870472
10075;100.350757161498;118.034093227227
10125;100.350775335093;118.034137077384
10150;100.350806933606;118.034174112283
10192;100.350846985722;118.034236156543
10229;100.350891962541;118.03439037487
10260;100.350940141;118.034743753449
10285;100.350991023274;118.035424309123
10317;100.35104421553;118.036518947965
10355;100.351097783014;118.037949309758
10384;100.351146819214;118.039284014234
10421;100.35118412605;118.039525482468
10455;100.351203435846;118.036980784555
10505;100.351202063441;118.029433058844
10538;100.351180544686;118.014943726583
10571;100.351141347717;117.993657657367
10597;100.351088914676;117.969402086739
10626;100.351029549247;117.948046036003
10651;100.35096958984;117.933421345921
10679;100.350913235313;117.925686723481
10720;100.350861798888;117.922925215832
10745;100.35081446568;117.922942896086
10791;100.350769584574;117.924066605496
10831;100.350725672107;117.925313360132
10858;100.35068200556;117.926259737975
10889;100.35063907475;117.926828474284
10934;100.35059905027;117.927103446284
10960;100.35056599641;117.927210415245
10985;100.350545305387;117.927258019676
11024;100.350541817597;117.927316949335
11050;100.350556215586;117.927418864985
11091;100.350581748789;117.9275656869
11122;100.350605923926;117.92774312624
11149;100.350616572791;117.92793222707
11192;100.35060595087;117.928116243699
11218;100.350571261708;117.928283892653
11258;100.350514286759;117.928429147685
11291;100.350440217485;117.928548354506
11326;100.350355263988;117.928638476929
11359;100.350264555714;117.928698495689
11399;100.350171506647;117.928730795403
11433;100.350078251677;117.928739747979
11469;100.349986411276;117.928729610596
11496;100.349897853953;117.928704009211
11526;100.349815209466;117.928666180845
11549;100.349741788538;117.928619101324
11597;100.349680566823;117.928565703298
11624;100.349632551548;117.928509631194
11653;100.349596034951;117.928456538849
11690;100.349567713247;117.928414450652
11723;100.349544466736;117.928391388425
11754;100.349524183702;117.92839121638
11799;100.349505603284;117.928411798845
11823;100.349487995579;117.928447524095
11866;100.34947090916;117.928492825842
11895;100.349453738457;117.928543062171
11921;100.349435219183;117.928592924624
11948;100.349413068007;117.928634093136
11984;100.349383845989;117.928654068283
12021;100.349343503951;117.928639204786
12062;100.349288736485;117.928582146631
12085;100.349218068736;117.9284866464
12124;100.349132196442;117.928364383369
12159;100.349034331334;117.928228459948
12194;100.348929793249;117.928089819566
12235;100.348823743755;117.927956909215
12261;100.348718932158;117.927836161799
12296;100.348615426623;117.927731502001
12321;100.348511597825;117.927643075537
12355;100.348405337509;117.927567380743
12383;100.348295290958;117.927499941795
12426;100.348181572625;117.927438999463
12453;100.348065585719;117.927388200004
12479;100.347949482518;117.927356396205
12519;100.347835854258;117.927353531536
12546;100.347727404309;117.927384455907
12596;100.347626288587;117.927444777361
12618;100.347533433904;117.927522907962
12661;100.347448235416;117.927606930102
12697;100.347368893766;117.927689195047
12729;100.3472933081;117.927766008747
12759;100.347219817185;117.927835596168
12788;100.347147296465;117.927896895697
12834;100.347074872325;117.927949773847
12855;100.347001690589;117.92799537874
12890;100.346926822288;117.928035144639
12920;100.346849143724;117.928069298921
12956;100.346767273789;117.928096405276
12988;100.346679910126;117.928114239084
13030;100.346586760643;117.928121807118
13060;100.346489665195;117.928121776836
13101;100.346392782467;117.928121199182
13119;100.346301219903;117.928128814225
13161;100.346218857142;117.928150520796
13191;100.346146488475;117.928187093686
13222;100.346081196736;117.928236023825
13252;100.346017421354;117.928295060694
13281;100.345949256947;117.928364454764
13325;100.345872920421;117.92844714758
13354;100.345787903305;117.928547626739
13390;100.345696092897;117.928669843257
13422;100.345600251697;117.928814366061
13457;100.345503449174;117.928977109913
13503;100.345409353359;117.929151425188
13542;100.345322475207;117.929331121914
13573;100.345247751711;117.929511941185
13603;100.345189079802;117.92969171432
13654;100.345146197237;117.929869580926
13666;100.345109377373;117.930043809213
13694;100.3450529507;117.930208326003
13731;100.344931530169;117.930349560484
13757;100.344684485728;117.930445873721
13799;100.344254499402;117.930472142918
13829;100.343627438235;117.930411331492
13860;100.342900450355;117.930271226465
13889;100.342375830474;117.930106557868
13923;100.34265654227;117.930054039633
13953;100.344685995734;117.930375942854
14008;100.349631258845;117.931474206237
14034;100.358466027984;117.93381023172
14083;100.371097305474;117.937655358108
14104;100.384948324711;117.942605468537
14140;100.39312764341;117.94685400708
14155;100.382750198351;117.946381418112
14190;100.334662446095;117.934518208867
14228;100.22666979093;117.9027362599
14270;100.040870559027;117.842419767133
14303;99.7704697494082;117.745962795689
14332;99.41986333122;117.608279157021
14390;98.9990344777305;117.430010234385
14405;98.5193324555298;117.218081402917
14428;97.9926859290751;116.981207200081
14459;97.4305493426014;116.725068880637
14499;96.8419477838221;116.451193486381
14534;96.2323826141783;116.158529038334
14566;95.6044155401396;115.844759030875
14609;94.9598217757206;115.507279410512
14643;94.3014910242201;115.145435498038
14676;93.6336847815717;114.761911224144
14712;92.9604402466554;114.360727861112
14730;92.2826844614231;113.944172273736
14756;91.5966478689703;113.51219145441
14799;90.8965896946671;113.063885612104
14845;90.1800419649607;112.598385980395
14873;89.4497879884125;112.115228407161
14908;88.7118693721833;111.615479427429
14935;87.9726190258369;111.102030300339
14961;87.2352493502471;110.577571438084
15001;86.4983847402388;110.041584903049
15026;85.7589650256004;109.490309808768
15060;85.0153102907458;108.920853259088
15090;84.2666215709028;108.334186991738
15127;83.5122012080381;107.733502561483
15158;82.7525116858535;107.120807025268
15200;81.9891613568345;106.495374838848
15230;81.2228067869299;105.854954304742
15263;80.4519295292765;105.198360144149
15297;79.6745943789289;104.527105700649
15339;78.8913006951849;103.845000993364
15366;78.1057904823286;103.155560632116
15399;77.3224396249259;102.459251570117
15423;76.5430069692298;101.753840581561
15465;75.7677566484226;101.036349492841
15497;74.9986091748139;100.304378992726
15528;74.2387097175588;99.5573742592648
15560;73.4901429977594;98.796968649161
15605;72.7525580813516;98.0264461817811
15632;72.0223970299057;97.2502770589834
15655;71.293845736952;96.471902267721
15689;70.5619499089505;95.6905758047312
15721;69.8254718536097;94.9021885136717
15757;69.0871296760048;94.103896436541
15797;68.3514976431696;93.296040991613
15816;67.6222810250613;92.4792944828211
15861;66.9004714155166;91.6528521911887
15896;66.1850111367337;90.8161672390607
15935;65.4756835337001;89.970007096894
15959;64.7750614747909;89.115777552996
15990;64.086482694913;88.2558534079571
16010;63.4100048211287;87.3944465323813
16054;62.7422519605463;86.5358264965319
16089;62.0799220064462;85.6806598748957
16119;61.4218579670028;84.8252178840412
16160;60.7691467826503;83.9645591787456
16195;60.1236939022804;83.0960640058611
16239;59.4861986730707;82.2201263933971
16264;58.857198567531;81.3385295655187
16300;58.2388681528527;80.4532646269738
16328;57.6325424520579;79.5671035207622
16367;57.0360699705892;78.684084521585
16398;56.4468863797662;77.807621948209
16422;55.8666641939593;76.9382140165196
16454;55.3004539508107;76.0729941548116
16489;54.7512152486197;75.2069897956086
16523;54.2165743797639;74.3366372480154
16559;53.6915717641988;73.4625267965481
16592;53.173420333698;72.5879199236498
16628;52.663641705802;71.7166703739525
16660;52.1669202457703;70.8525362777603
16697;51.6876946458364;69.9968566696645
16720;51.2280358742632;69.146996825819
16762;50.7881146861501;68.2992532044959
16790;50.3668472524889;67.452128461246
16829;49.9627008252838;66.6064319391311
16860;49.5747099684031;65.7642338328776
16901;49.2017525319106;64.9280316791827
16927;48.8412600149909;64.0995009293232
16962;48.4906605457815;63.2786482076552
16991;48.1499338488619;62.4645990149922
17033;47.8215420063274;61.6566959727974
17066;47.5077094112435;60.8556541783358
17089;47.2078244328372;60.0646226998768
17118;46.919709623263;59.287636706121
17167;46.6437272272767;58.5265480316959
17198;46.383929406199;57.7797364488079
17223;46.1451845940178;57.0435303052143
17255;45.9307268487063;56.3151101832958
17297;45.7425338867393;55.5945927778761
17329;45.5820500292499;54.8852980017334
17356;45.4488935373699;54.1923289297497
17382;45.3394015457391;53.5192814252321
17412;45.2480371232081;52.8649831886564
17460;45.1711084168262;52.2246651293274
17481;45.1084843096716;51.5954482564656
17526;45.0616293752962;50.9801729893246
17564;45.0311051025218;50.3848444882721
17604;45.0155955078412;49.8120135964208
17619;45.0124353673376;49.258399239523
17662;45.0189919390079;48.7190822859325
17686;45.0342734173404;48.1909596266687
17713;45.0606821385876;47.6720928118723
17754;45.10375425822;47.1611221121787
17785;45.1688064411026;46.6585392562778
17818;45.2581793785508;46.1678710711262
17860;45.3714738697918;45.6953684904083
17896;45.5071359898837;45.2472332857446
17926;45.6640368645586;44.8257973180889
17957;45.8421649828319;44.4289762707163
17989;46.0418045935484;44.0528205595161
18023;46.2624473473912;43.6934312620385
18061;46.5023834371175;43.3484087984762
18095;46.7588299368556;43.0183233615354
18116;47.0287294443366;42.7061689108582
18150;47.3105808606265;42.4149284259039
18185;47.6057906825592;42.1455956152421
18210;47.9169689075957;41.8964173372159
18267;48.2450174101023;41.6642178772219
18297;48.588639267797;41.4481293817743
18321;48.9454112500648;41.2512438301189
18350;49.3126611348987;41.0775583560669
18392;49.6891345623096;40.9286470302471
18428;50.0765505020371;40.803405403448
18459;50.4781475545502;40.699353847961
18504;50.8961055301773;40.614241491347
18557;51.3316866319089;40.5472724981252
18581;51.7868623833366;40.4991336289243
18594;52.2640918544665;40.4718742151164
18628;52.7639176411418;40.4683556662732
18660;53.2829828702564;40.4898825087025
18686;53.814307757023;40.5343369848363
18724;54.348527844576;40.5970686059272
18762;54.8744802732757;40.6721831306856
18808;55.3793951059723;40.7525456032546
18838;55.8500423736624;40.8309111370396
18868;56.2758337843874;40.9020756276637
18888;56.6518541623757;40.9618575973668
18925;56.9781579157415;41.0037779838159
18964;57.2562203171152;41.0197703484843
18982;57.4868678165564;41.0049420964654
19017;57.6703508662824;40.9611908593598
19058;57.8073350836432;40.8993060424875
19090;57.9009389358851;40.8368844090842
19119;57.9577354321277;40.788897110573
19155;57.9863664508991;40.7602841912839
19183;57.9959470983168;40.7478591953236
19216;57.9948281383218;40.7456946390422
19246;57.9893054715012;40.7484723764395
19293;57.9831689040559;40.7526475490812
19317;57.9781675045865;40.7564038984156
19358;57.9747381566389;40.7591388498737
19386;57.9726536075872;40.7609085902017
19425;57.9714673698331;40.7620163185293
19455;57.9707575653745;40.7627764923793
19478;57.9702229477165;40.7634181333216
19524;57.9696918581819;40.7640713850376
19561;57.9690921524732;40.7647901799184
19585;57.9684124181275;40.7655825031108
19634;57.9676698517226;40.7664349607471
19659;57.9668896326358;40.7673272152078
19694;57.9660942920602;40.7682383037566
19719;57.9652993573741;40.7691496245079
19750;57.9645120519972;40.7700473827832
19784;57.9637308724432;40.7709257741366
19832;57.9629446749491;40.771792391907
19859;57.9621312029912;40.7726763031888
19894;57.9612570960371;40.773636585608
19912;57.9602830228544;40.7747651721652
19951;57.9591780780862;40.7761712492393
19983;57.9579479908398;40.777927102264
20022;57.9566804462786;40.7799561654345
20060;57.9556032302222;40.7818610863187
20101;57.9551344675877;40.782726888108
20135;57.9558814753149;40.7810000053843
20156;57.9585206665042;40.7746430465159
20198;57.9634724395614;40.7618721609967
20222;57.9702898964598;40.7428247296463
20253;57.9767433022634;40.7223546300855
20287;57.9777467974568;40.7136375149517
20334;57.9645758840501;40.7412098130654
20357;57.9252639842684;40.8404033167008
20397;57.8475502242713;41.0493348451075
20422;57.7241678945127;41.3954156461585
20449;57.556373612807;41.8868625131947
20485;57.3518425949126;42.5140381199539
20526;57.1186255976745;43.2553060907302
20544;56.8610730638357;44.0858290366511
20584;56.5807145282068;44.9883917532482
20624;56.2773196838119;45.9591266892368
20662;55.9467852419264;47.0064177845713
20688;55.5811288463602;48.1481268962832
20723;55.1742139713567;49.404519071415
20781;54.7298234421306;50.7761931740274
20828;54.2653793916112;52.2205392526511
20852;53.8045831083834;53.6663816588941
20876;53.363762872429;55.0588829558133
20922;52.9459391051766;56.3807275837189
20961;52.5452959633223;57.6408860370307
20986;52.1541853060611;58.8575513817822
21020;51.767047986213;60.0451712251354
21058;51.381272513415;61.209324907573
21091;50.9977971473231;62.3496165537348
21123;50.620811538586;63.4615606259545
21167;50.2555884754402;64.5346457862701
21196;49.9070098057656;65.5537889191367
21219;49.57910179564;66.5059907646771
21253;49.2739159434363;67.3857555287371
21282;48.9910250208553;68.195119645796
21322;48.7291067843117;68.9392301955952
21354;48.4876516740488;69.621184227679
21385;48.2670487613481;70.2394902165476
21418;48.0680815817208;70.7891895535033
21448;47.8918555439357;71.2656987417773
21490;47.7402769468334;71.6677803083178
21511;47.6158600141654;71.9958101844464
21559;47.5202684817582;72.2473089426218
21599;47.4541836382387;72.4157965524436
21622;47.4184205910019;72.4933652593388
21658;47.4133309552437;72.4736419856681
21695;47.4374893012288;72.3549673789635
21731;47.4875413621661;72.1424036894146
21760;47.5583798023244;71.8475930552168
21793;47.6433502394608;71.4891013426627
21838;47.734357892244;71.0930567883594
21864;47.8218823008176;70.6910195619919
21898;47.8962875885686;70.3133929742676
21922;47.9501090094996;69.9814096762042
21957;47.9799266779113;69.7046747167816
21993;47.9869448481477;69.4848467440409
22024;47.9756851372859;69.3196026661392
22053;47.95245612574;69.2043993535475
22095;47.9247680994668;69.1327469962194
22125;47.8997379654288;69.0957851734571
22156;47.8814514617052;69.0826557779042
22206;47.8702932004;69.0826912522112
22238;47.864567354473;69.0878500777995
22262;47.8621491643717;69.0934575289259
22291;47.8612858807784;69.0975301544991
22319;47.8608367786808;69.0997319563569
22357;47.8602173153625;69.1004812355851
22389;47.8592319173278;69.1003741441454
22425;47.8579011214008;69.0999030762119
22449;47.8563295636439;69.0993757557083
22499;47.854623610744;69.098936454993
22522;47.8528489730645;69.0986198813175
22553;47.8510143087637;69.0984029236112
22581;47.8490717727113;69.0982427203553
22623;47.8469335652655;69.0980991310759
22668;47.8445103890192;69.0979443052391
22701;47.8417820332847;69.0977659683304
22727;47.8389085258161;69.0975702378865
22756;47.8363761614694;69.097385920378
22786;47.835140540685;69.0972694672224
22819;47.8366756763291;69.0973054034616
22859;47.8427699270985;69.0975903162348
22886;47.854846853631;69.0981839911045
22929;47.8725769215718;69.0990117921991
22963;47.892717591096;69.0997112847994
22989;47.9104398276044;69.0994470914544
23020;47.922502890605;69.0967874631217
23051;47.9285804610423;69.0898362225207
23093;47.9301005533469;69.0769089620397
23129;47.9288573970177;69.0580758273889
23157;47.9263320526707;69.0365371813371
23194;47.9234870641976;69.0172326590174
23219;47.9208145612175;69.0033874103381
23257;47.918479766676;68.9952176300924
23283;47.9164665945377;68.9914840734181
23335;47.9146838829797;68.9912444023705
23356;47.9130253374502;68.9946578437915
23393;47.9113932118762;69.0029558761131
23432;47.9097002564783;69.017550632458
23460;47.9078639092568;69.0381176927549
23488;47.90580830105;69.0609203852067
23510;47.9034908394944;69.0803397433686
23559;47.9009643200339;69.0928617579209
23578;47.8984746176297;69.0988220972445
23619;47.8965766442738;69.1010918961314
23653;47.8962193886729;69.103495606247
23691;47.8987031809195;69.1098933194298
23727;47.9053588365413;69.1232315232403
23750;47.9167642938105;69.1438620442749
23792;47.9313473447188;69.1666935732133
23819;47.9433944364392;69.1773978878058
23857;47.9408809700646;69.1491165755136
23876;47.9051612510693;69.0429711704777
23923;47.8153441572178;68.8178443367101
23959;47.6558882809601;68.4488134415117
23982;47.4220191143316;67.9379861435671
24018;47.119807849396;67.3063119805963
24053;46.7624875215581;66.5790756936477
24092;46.3663540051925;65.7786454772824
24123;45.9467391526215;64.9238948961752
24151;45.5148684593297;64.0318058483895
24187;45.0783636039069;63.1174563978252
24226;44.6437476448763;62.1928844993637
24257;44.2175948507089;61.2666838995933
24286;43.8061867387726;60.3431027713503
24321;43.4147966790201;59.4231220436704
24348;43.0475850590797;58.5090221183525
24398;42.7071353515407;57.6050583597738
24420;42.3930510168007;56.712584259269
24461;42.1023595752969;55.8283701082027
24489;41.8317934774938;54.9483236953916
24518;41.5792375028515;54.0717545640845
24552;41.3444878949253;53.2030161760775
24585;41.1293267802875;52.3492140490763
24608;40.9361417656888;51.5169268955551
24661;40.7663576814577;50.7118567450506
24684;40.6196124451893;49.939022189183
24731;40.4944084022772;49.1999398039684
24768;40.3899485777608;48.4897716768905
24795;40.3061622517815;47.7994035628749
24832;40.2422609745855;47.1206222509912
24853;40.1969543805013;46.4491599691262
24897;40.1694560057773;45.7844763766452
24931;40.1596699096426;45.1286958568199
24957;40.1685788562629;44.4862772469687
24984;40.1985554496784;43.8628682140635
25018;40.2523848552169;43.2637471410716
25052;40.3317605085957;42.6931967788472
25083;40.4360976694612;42.152781759445
25123;40.5624239918948;41.6405171864539
25156;40.7072407551406;41.1528276228038
25193;40.8689217409129;40.6854092583208
25236;41.0482542879155;40.2337505465338
25264;41.2471526558583;39.7956210262143
25295;41.4673052938047;39.3725714901659
25323;41.7096374834582;38.9683394548248
25363;41.9745855357199;38.5865288888697
25387;42.262014143701;38.2306474775655
25424;42.5705538606442;37.9042243564654
25476;42.898429892974;37.608953909892
25491;43.244121251686;37.343172383983
25517;43.6051527266683;37.1019715155006
25564;43.9791639201178;36.8804211708928
25602;44.3674676398371;36.6778595348422
25643;44.7753805515722;36.4974897645448
25658;45.2081675886373;36.3428639308445
25693;45.6669249745673;36.2159918541632
25729;46.1478993001918;36.1165149918201
25765;46.6452284075616;36.0417694829679
25789;47.1544093279171;35.9889647977279
25816;47.6740640868184;35.957114432896
25852;48.2056251359712;35.9467755326879
25891;48.7522972616186;35.9593775983818
25927;49.3183229686207;35.9972938949564
25961;49.9072839430314;36.0640256110482
25994;50.5198583291062;36.1626487767523
26014;51.1533200487049;36.292130234122
26051;51.8025411171352;36.4464192194097
26080;52.4619755167229;36.619225494091
26117;53.1283239867719;36.8088328635798
26170;53.8015358337972;37.0172534565779
26194;54.4827767955543;37.2469015309285
26230;55.1726133002375;37.5000949023948
26267;55.8721462376605;37.7796015747559
26293;56.5838262066475;38.0868904263166
26320;57.3097836810552;38.4200874422584
26355;58.0504229657535;38.7755370404205
26381;58.804301300336;39.1521154635467
26422;59.5684629169996;39.5520612727694
26457;60.3401162785659;39.9771893312263
26491;61.1186992523101;40.4271616290357
26519;61.904745204369;40.9007890952965
26555;62.6968159242458;41.3959460769637
26589;63.4925712461297;41.9096922529344
26608;64.2931579332127;42.4408259940949
26655;65.1031051402663;42.9903157954417
26691;65.9255803991045;43.5583708053859
26724;66.7605499036682;44.144370736292
26768;67.6064409112605;44.7495590717058
26799;68.4602710631157;45.3762261477464
26830;69.3165618808524;46.0246173310367
26858;70.167466064515;46.6922023057674
26899;71.0037959624626;47.3739521866714
26919;71.8161762542115;48.0606940122923
26953;72.594880641686;48.7367874480138
26987;73.3279373380554;49.3814935200895
27026;74.0011107503612;49.9748189891984
27059;74.6025932111159;50.5030664052015
27086;75.1282306606993;50.9611405008952
27119;75.5814252963576;51.3512767368538
27152;75.9691404069999;51.6793552949716
27200;76.2979637219378;51.9523266594152
27236;76.5706560337038;52.1765005283181
27275;76.7854307878356;52.3555885623389
27300;76.9404580585652;52.4919849604604
27335;77.0393338788011;52.5905612187268
27369;77.092282590734;52.6586526127591
27398;77.1134044247916;52.702421293785
27432;77.1166034322703;52.7262228224346
27464;77.1124605426766;52.7350433042871
27495;77.1072472519629;52.7349594206438
27521;77.1034885125176;52.731692041184
27565;77.1010053363998;52.7298224761829
27590;77.0979434846797;52.7327876792302
27625;77.0917328359297;52.7427072629351
27656;77.0802008749194;52.7593497647425
27692;77.0631711669609;52.7791266537736
27722;77.0436831460499;52.7967028388497
27760;77.0265811536705;52.8085802485134
27781;77.0151785370927;52.8145131447743
27826;77.0098366751801;52.8161119354987
27855;77.0091262775788;52.8152657097282
27878;77.0112398308989;52.8134318963408
27912;77.0146829459945;52.8114761535925
27944;77.0184824187205;52.8097775684856
27992;77.0221375460871;52.8084091181803
28013;77.0254762935604;52.8072964109071
28058;77.0285084560338;52.8063233562612
28098;77.0313151881534;52.8053888766749
28125;77.0339822649604;52.8044316655416
28168;77.036570413431;52.8034406403784
28194;77.0391120726677;52.8024634743093
28222;77.0416233084161;52.801615699691
28258;77.0441224218692;52.8010799313816
28289;77.0466515291858;52.80107165
28310;77.0492984075411;52.8017380659696
28357;77.0522110971392;52.8029564121549
28387;77.0555897026735;52.8040214892764
28419;77.0596321540168;52.8032794070415
28456;77.0644081438163;52.7978916766408
28479;77.0696444102041;52.7840980551892
28513;77.0744301698157;52.7585393585248
28554;77.0769068099246;52.7212797464061
28590;77.0741006103682;52.6797159917969
28628;77.0620519178959;52.6495176500699
28668;77.036284485092;52.6506723893484
28694;76.9929345229716;52.7022764264766
28727;76.9303575160121;52.8194479813993
28761;76.8489307745691;53.0129950296282
28790;76.7483687170666;53.2900895801432
28831;76.6267688789423;53.6543733624954
28857;76.4826090513386;54.1077544156045
28892;76.3149570379449;54.6529668675336
28919;76.1222134674098;55.2923906163154
28950;75.9035326901892;56.0250238978258
28993;75.6599730476415;56.8460856502183
29038;75.3925621372931;57.7479460673617
29063;75.1013329630579;58.7208984458087
29092;74.7862495332556;59.7553219592764
29124;74.4470543481054;60.8440006732324
29154;74.0830385862539;61.9822752316095
29182;73.6946908182843;63.1663277917002
29217;73.2852828406189;64.3919572873282
29262;72.8603328709777;65.6561132810723
29299;72.4255117991146;66.9581560738332
29327;71.9843736934893;68.2973642907813
29350;71.5382927829297;69.6696086490979
29386;71.0889463760319;71.0663077965636
29424;70.6397940675421;72.4766376544224
29447;70.195115818954;73.8907127499909
29488;69.7581539830268;75.299248714426
29526;69.3300264768642;76.6916659668452
29553;68.9110621961948;78.0571659317256
29594;68.5030675659567;79.3869599316583
29622;68.1092494198865;80.6732030349964
29658;67.7326593093563;81.9065800533521
29694;67.3757608365062;83.0769800098488
29719;67.0415819422886;84.1750634717337
29750;66.7348949940445;85.19142165648
29800;66.4618153267192;86.1143592113441
29824;66.2281663458624;86.9299096782673
29867;66.0368255091014;87.6261383557374
29903;65.8853428187358;88.1976081827843
29929;65.7674131641097;88.646273209416
29971;65.6771109849445;88.9808106671802
29996;65.6103583640379;89.2156956862035
30034;65.5635297925045;89.3694851831684
30059;65.5329171760722;89.4621436116396
30089;65.5145166290067;89.5116916920506
30124;65.5029195292707;89.5326276571917
30160;65.4923560978781;89.5366365470069
30189;65.4804830733766;89.5327760881313
30227;65.4691939446162;89.5269137683907
30256;65.4610340430602;89.52196132103
30295;65.4567053973404;89.518813465449
30322;65.4554977125379;89.5173041817039
30356;65.4562935228285;89.5168973696024
30393;65.4580976591602;89.517070383585
30435;65.460227392182;89.5174582825426
30474;65.4623099098659;89.5178556863842
30505;65.4641997855525;89.5181579074384
30535;65.4658847501809;89.5182943411546
30560;65.4674114996856;89.5181842235189
30599;65.4688392254414;89.5177319546003
30625;65.470216603737;89.5168761135065
30662;65.471574905674;89.5157054829625
30695;65.4729302865532;89.5146427882439
30723;65.4742890766786;89.5146591948173
30760;65.4756521010552;89.5174099920908
30791;65.4770173478356;89.5250763518649
30815;65.4783817943988;89.5395873858635
30852;65.479742646307;89.5608520619389
30887;65.4810975287436;89.5851843450755
30918;65.4824436813849;89.606902647804
30956;65.4837773790668;89.6223010990082
30994;65.4850947675244;89.631158144486
31021;65.4863945727182;89.6349931852614
31051;65.4876831659118;89.6350975315332
31088;65.488982244098;89.6316292110851
31124;65.4903374715825;89.6235973399623
31154;65.491823404554;89.6097047029641
31195;65.4935367479669;89.5901674909738
31210;65.4955665677948;89.5683262316718
31242;65.4979282058099;89.5493025196534
31287;65.5004519759706;89.5364151076848
31311;65.5026342537906;89.5297333127754
31351;65.5034917438599;89.5274996367145
31387;65.5015120814009;89.5277283075288
31412;65.4948626658075;89.5289094424514
31454;65.4820849545823;89.5301542332232
31499;65.4635153146297;89.5310766387135
31517;65.4424730487399;89.5316044220297
31558;65.4239021929253;89.531815331455
31584;65.4111199618052;89.5318283233887
31614;65.4044588347942;89.5317457863306
31656;65.4024561703632;89.531632876347
31688;65.4032779044663;89.5315199592224
31721;65.4054141401108;89.531415421632
31770;65.4078856943105;89.53131937568
31791;65.4101900839206;89.5312323457161
31834;65.4121494829107;89.5311548614836
31863;65.4137533607325;89.5310779898317
31893;65.4150394397662;89.530970406409
31939;65.4160273323025;89.5307685426838
31963;65.4167051256443;89.5303771060099
32006;65.4170668248339;89.529692667479
32029;65.4171999362669;89.5286676795764
32072;65.4174182280254;89.5274299855634
32094;65.4184155107861;89.5264563811921
32124;65.4213763828064;89.526757432418
32159;65.4279214176888;89.5299564570924
32186;65.4396989513634;89.5380452747377
32216;65.4573940101513;89.5525075345663
32260;65.4789676340719;89.5724895221548
32291;65.4971582346288;89.5918985251823
32320;65.4967776664814;89.5959023630873
32360;65.45319735057;89.5584508280172
32393;65.3346074449643;89.4441399519762
32423;65.1098121641377;89.2168321444341
32452;64.7577899496697;88.8518074001738
32483;64.2726779419554;88.3441043892818
32517;63.6637056848028;87.708096506063
32544;62.9511583896149;86.9695097931609
32578;62.1577668331617;86.1556540550864
32608;61.3013254597935;85.2889959258432
32653;60.3943475131178;84.3848101656883
32683;59.4468645396856;83.4512958041032
32720;58.4674168381357;82.4914251954086
32766;57.4626612630978;81.5057844700876
32787;56.4382282510187;80.4956158117168
32825;55.4007669604214;79.464588749999
32857;54.3571913349478;78.4175686618747
32881;53.3111323622056;77.3583180054388
32920;52.2616890968133;76.2894131177348
32956;51.2059376265677;75.2136287779324
32993;50.1421162833466;74.1333833089618
33026;49.0706007804306;73.0491062301975
33046;47.9930157931473;71.9602749497909
33088;46.9119077348939;70.8674978795735
33121;45.8307781578736;69.7729397106794
33155;44.7517307170904;68.679283078488
33187;43.6722565833687;67.5868322795002
33223;42.5871372973547;66.4920487804439
33250;41.4946719273154;65.3914769124242
33288;40.3986478936257;64.286249168546
33333;39.3044086132083;63.1810305880147
33369;38.2156930070456;62.0799351978513
33399;37.133361203198;60.9852796811879
33427;36.0544221997063;59.898592279972
33456;34.9744247413173;58.8193637562402
33486;33.8915830646201;57.7436135139079
33521;32.8069639715347;56.6663729149706
33570;31.7220248541318;55.5848028570261
33610;30.6376661887325;54.4989074202771
33638;29.5535754235881;53.4107342849484
33672;28.4676144251513;52.3220386888234
33700;27.3783398752818;51.2325182822013
33737;26.2869654498797;50.141298006374
33756;25.1950604313051;49.0491302941611
33796;24.1028573256035;47.9570634918774
33834;23.0097358561511;46.8640037594054
33866;21.9148139092519;45.7684214596554
33896;20.8179613159832;44.6704243678199
33927;19.7193561983648;43.570555172602
33964;18.6184345678209;42.4693628957876
33992;17.515280439118;41.3675529597526
34025;16.4115589547021;40.2652623694201
34066;15.3097358286849;39.1630869096172
34086;14.2123362913764;38.0633345431657
34132;13.1201439756795;36.96855537745
34170;12.0309006666201;35.8784215887293
34205;10.9411625007036;34.7886355339009
34241;9.84787129579572;33.6945070263597
34267;8.7475224983148;32.5946151360562
34300;7.63725461447395;31.4901398461581
34324;6.51803011001626;30.3828138867671
34362;5.39533305138791;29.2739758278642
34401;4.27634067688844;28.1644244432116
34428;3.16478403168641;27.0547924396932
34458;2.05766596137179;25.94507067539
34488;0.948313268657679;24.8333953300133
34517;-0.168112304089159;23.717902545929
34562;-1.29271549329796;22.6003001249683
34587;-2.4237457638794;21.4849991454278
34618;-3.55712538878625;20.3749457304232
34653;-4.68698034099356;19.2697057535528
34685;-5.80880901892515;18.1665357300805
34722;-6.92402588545845;17.0620654891678
34760;-8.03936646224931;15.9538082823954
34793;-9.16079064894514;14.8420370837173
34823;-10.2898572999031;13.7298662889475
34858;-11.4240403380005;12.6190068415648
34891;-12.5580015657245;11.5072984554035
34929;-13.6869819287853;10.3930049131924
34962;-14.8099647750373;9.27836292343238
34997;-15.9293527689701;8.16728283177817
35034;-17.0493020214959;7.06071000437414
35052;-18.174376500548;5.95430313928611
35087;-19.3079663565982;4.84202151857054
35115;-20.450890019022;3.72224456334339
35155;-21.60075517864;2.59865676648799
35200;-22.7518182124298;1.47527943376891
35223;-23.8974293249175;0.352506340205507
35250;-25.034867347107;-0.771741562606817
35299;-26.1667188363091;-1.89941834207737
35328;-27.297328801674;-3.03156756062458
35357;-28.4290402580612;-4.16783971168794
35388;-29.5617099785693;-5.30629730209905
35423;-30.6951068168607;-6.44492274622104
35469;-31.8309694252534;-7.58245294935723
35491;-32.9715993014393;-8.71755962071151
35524;-34.1167425794544;-9.84935178210491
35552;-35.264386822897;-10.9781048798559
35598;-36.4145256414959;-12.1050097075468
35624;-37.5684296413867;-13.2324266959172
35669;-38.7245393976624;-14.3619766199715
35699;-39.8795727602896;-15.4922748919207
35731;-41.0329379583162;-16.622186920365
35754;-42.1861677451923;-17.754838329998
35798;-43.3395835339849;-18.8962251533464
35825;-44.4916569970387;-20.0503860662347
35860;-45.6398844216785;-21.2152377723526
35890;-46.7826258738174;-22.3834556642995
35924;-47.9214647563617;-23.5475543867995
35957;-49.0604840414315;-24.703058055327
35990;-50.2033070333696;-25.8485936511292
36024;-51.3511972039968;-26.986095108571
36055;-52.5024541514062;-28.1212158608471
36086;-53.6536012199193;-29.2609287755039
36118;-54.8025005530465;-30.4087221494826
36162;-55.9510029110892;-31.562757008084
36199;-57.1036261585355;-32.7199200087982
36222;-58.2622848901592;-33.8806837615274
36261;-59.4224398553252;-35.046630383454
36290;-60.5732986214294;-36.2121559394179
36324;-61.6999030562321;-37.3604798444269
36365;-62.7850065582524;-38.4678566724461
36409;-63.8102206827464;-39.5117925130302
36427;-64.7589836600453;-40.4766912211126
36460;-65.6212199655454;-41.3538740956043
36498;-66.3954645238504;-42.1409947707762
36518;-67.0871198933661;-42.8434110988221
36547;-67.7035135496281;-43.4724659677798
36586;-68.2501470622888;-44.0391842545235
36622;-68.7318538341211;-44.548711797785
36661;-69.1532927117679;-45.0006509676822
36693;-69.5160753839221;-45.3928007648599
36730;-69.8182608658465;-45.7219784186982
36791;-70.0577187877226;-45.983610464898
36805;-70.2349524435733;-46.1744068102965
36829;-70.3537630621581;-46.2965961310193
36876;-70.4221338079927;-46.3607984487384
36906;-70.4526578790588;-46.3843976177824
36929;-70.45973316194;-46.3854836969584
36970;-70.4555175680943;-46.3777356851777
36990;-70.4480616936493;-46.3691574313989
37026;-70.4416026632571;-46.3632185380481
37055;-70.4376914469816;-46.3606203664379
37085;-70.4363756466854;-46.3607868943164
37123;-70.4370887723763;-46.3627883986919
37157;-70.4391638743617;-46.3657281269205
37187;-70.4420222370128;-46.3687463243975
37215;-70.4451339086511;-46.3708265082742
37268;-70.4478502568042;-46.3706022616652
37295;-70.4492078826543;-46.3663968979672
37340;-70.4478234606459;-46.3567779026485
37359;-70.4420430035925;-46.3419182536549
37386;-70.4305569347889;-46.3248244260196
37432;-70.4136990831495;-46.3100743788377
37457;-70.3945426259181;-46.3006654018399
37492;-70.3776618621053;-46.2967296029419
37523;-70.3661561786402;-46.2967248359533
37561;-70.3604127945738;-46.2987600013041
37594;-70.3592009388557;-46.3011425913297
37631;-70.3609578389495;-46.3024854270854
37659;-70.3643672916212;-46.3017110364844
37686;-70.3684372667356;-46.2982377541071
37720;-70.3722836289699;-46.2925507277519
37756;-70.3747979657308;-46.287218817037
37786;-70.3743695728245;-46.2881508232632
37832;-70.3688637487306;-46.3054303690875
37871;-70.356103861662;-46.35347521395
37885;-70.3344533023013;-46.450131544876
37930;-70.3025906664111;-46.6128626301478
37956;-70.2590850732999;-46.853586526966
37983;-70.2025695932533;-47.1765018245087
38025;-70.1314739178602;-47.5790366728088
38058;-70.0434062610301;-48.0555637501611
38086;-69.9352794533362;-48.6028219691018
38119;-69.8036965765809;-49.2209758655877
38152;-69.6460302441701;-49.9091907715352
38187;-69.462478871095;-50.6632108437781
38219;-69.255646635136;-51.4786800789302
38254;-69.0266300781032;-52.3552455222671
38284;-68.7727923722424;-53.295450699702
38323;-68.4900470083638;-54.2997353551863
38359;-68.176459646172;-55.3639948659651
38389;-67.8337545585689;-56.4810494706119
38428;-67.4666748418921;-57.6426913744693
38451;-67.0818259251782;-58.8413616267708
38480;-66.6863324959196;-60.0715093318053
38516;-66.286355476825;-61.3286662983006
38549;-65.8862553638342;-62.6066155386925
38585;-65.4881563586304;-63.897445958732
38617;-65.091264174218;-65.1944824542091
38655;-64.6917777441929;-66.4922508395011
38696;-64.2852752211254;-67.7838220181924
38721;-63.8709308577655;-69.0619640272579
38758;-63.4533248001776;-70.3230733391353
38791;-63.0399723077773;-71.5653765950759
38818;-62.6377708239105;-72.7822251057292
38863;-62.2512340151066;-73.9595014249556
38886;-61.883301657398;-75.0786649750484
38923;-61.5378678353076;-76.1202519476486
38950;-61.2208225314589;-77.0645021368384
38983;-60.9389198520079;-77.8927567846257
39025;-60.6981631163261;-78.5931721562406
39060;-60.5009722914334;-79.1640351185784
39090;-60.3437522568718;-79.6099836154937
39113;-60.2194377291757;-79.9371317000555
39154;-60.1224926202929;-80.1524715255204
39186;-60.0498037530581;-80.2675807825051
39218;-59.9985185994833;-80.3035376855526
39249;-59.9653225585441;-80.2903938589423
39291;-59.9467850013666;-80.2579864207345
39315;-59.9391081433715;-80.2262020855989
39357;-59.9382170603437;-80.2032951405292
39390;-59.9406320795335;-80.1900129280311
39428;-59.9440304189695;-80.1838931030054
39462;-59.9471800624661;-80.1819025736309
39488;-59.9496285826979;-80.1816551066609
39511;-59.9513695707335;-80.1817081308759
39555;-59.9525861306099;-80.1814027924766
39588;-59.9534937166923;-80.1805651057645
39623;-59.9542656521994;-80.1792376774479
39652;-59.9550124594843;-80.1775048220973
39684;-59.9557889852768;-80.1754174795356
39736;-59.9566114192221;-80.1730065877782
39759;-59.9574741742026;-80.1703735887585
39796;-59.9583625999587;-80.1678432015871
39838;-59.9592610577237;-80.1661398239952
39881;-59.9601571095421;-80.1664975568712
39892;-59.9610427804156;-80.1705400463732
39925;-59.9619141879572;-80.1796894838992
39959;-59.9627709386901;-80.193832731817
39989;-59.9636159688098;-80.2101377800744
40017;-59.9644555198263;-80.2242648848656
40053;-59.9652981188372;-80.2333838462196
40095;-59.9661516735659;-80.2373852409738
40126;-59.967020007946;-80.23769668401
40152;-59.9679018159468;-80.2359491999587
40201;-59.9687926962135;-80.2333862566819
40225;-59.9696876879813;-80.2307389418763
40258;-59.9705824598984;-80.2283231970141
40297;-59.9714735887218;-80.2261982983657
40321;-59.9723588000738;-80.2243047823066
40364;-59.9732372814568;-80.2225547098805
40427;-59.9741090974521;-80.2208764449478
40436;-59.9749732681329;-80.2192274984096
40462;-59.9758264324945;-80.2175904003634
40493;-59.9766642177657;-80.2159624875334
40530;-59.9774852074411;-80.214344667969
40569;-59.9782966590876;-80.21273028358
40592;-59.9791216610186;-80.2110941468313
40626;-59.9800063973408;-80.20938307846
40659;-59.9810233472628;-80.2075126531314
40687;-59.9822622145544;-80.2053807942038
40708;-59.9837966151384;-80.2029156474584
40755;-59.9856149599576;-80.2001757624041
40795;-59.9875108282207;-80.1975067850322
40831;-59.9889442057285;-80.195724584124
40860;-59.98891737798;-80.1962335304697
40875;-59.9859620820296;-80.2008994146161
40920;-59.9784014690999;-80.2114008699189
40947;-59.9651055555527;-80.2277420728333
40986;-59.9469506500702;-80.2469909810515
41027;-59.9280438842291;-80.2648857493405
41049;-59.9144667515727;-80.2794913992276
41077;-59.9109763042219;-80.2923809761123
41123;-59.9189542118226;-80.3063614818025
41161;-59.9360005882657;-80.3221690822458
41196;-59.9549775960476;-80.3351535284459
41220;-59.9619680481798;-80.3321433228906
41248;-59.9344710605116;-80.289776547664
41273;-59.8422350435936;-80.1771920394637
41325;-59.653447100599;-79.9655523359085
41343;-59.3453980617346;-79.640209159208
41396;-58.9122531794783;-79.204976199923
41425;-58.3639370154549;-78.6754095752361
41450;-57.7200603302928;-78.0696733866053
41481;-57.0042926712662;-77.4035956335301
41506;-56.2381394435149;-76.6897481057638
41559;-55.4350161843214;-75.9379967734398
41586;-54.600309977319;-75.1548936613513
41621;-53.7368491124316;-74.3435018100357
41657;-52.8482201242058;-73.5066727270776
41688;-51.938406204982;-72.6504786778007
41725;-51.0117599283509;-71.7823220481448
41751;-50.0736633857671;-70.90589866929
41779;-49.1301243960582;-70.019746432535
41823;-48.1851921303537;-69.1209604396638
41854;-47.2381535892029;-68.209499550808
41877;-46.285767991781;-67.287607877041
41912;-45.3277075999481;-66.3568260230338
41946;-44.3670007936386;-65.4193611953713
41982;-43.4062406664783;-64.4797177839126
42017;-42.4456608014306;-63.5411748215299
42060;-41.4830797778487;-62.6035398136608
42097;-40.5151004195703;-61.6654390104628
42122;-39.539655725599;-60.7253896446132
42156;-38.5570914315819;-59.7806043502772
42202;-37.5690691979398;-58.8282239548666
42225;-36.5773624310739;-57.8681148636768
42257;-35.5833715169041;-56.9020142692108
42285;-34.5880904063648;-55.9317315513592
42322;-33.5922968143585;-54.9606883976447
42360;-32.5968100058561;-53.9933697201452
42388;-31.6026850819251;-53.0310319215235
42423;-30.6111851174982;-52.0704272219005
42450;-29.6233410144103;-51.1055366794883
42483;-28.6389155112926;-50.1291462321395
42518;-27.6555570307675;-49.1360177931824
42552;-26.66998466435;-48.1273201433884
42576;-25.6805779447301;-47.1124497481439
42620;-24.6881719605372;-46.1046676039603
42654;-23.6944071937993;-45.1128223424682
42685;-22.6994276770152;-44.1367383423217
42722;-21.7006286286778;-43.1684574187376
42756;-20.6942856224771;-42.1969717906969
42797;-19.6794499855394;-41.2138977600033
42816;-18.6598520044431;-40.2166367857331
42848;-17.6409300740265;-39.208082479008
42874;-16.6253457034379;-38.1938608394428
42918;-15.6132108846417;-37.1792103273257
42946;-14.6066637606322;-36.1690660087758
42995;-13.6127787838206;-35.1713541248122
43019;-12.6432084343046;-34.199945733848
43044;-11.7129866348817;-33.2742407865293
43077;-10.8376048617795;-32.4137093157032
43120;-10.0281738360817;-31.6297581667354
43152;-9.29006618113793;-30.9223558497327
43191;-8.62518139596095;-30.2853279145495
43232;-8.0322201057684;-29.7138045747759
43263;-7.50670969845369;-29.2061712167095
43295;-7.04388328783977;-28.7615809498912
43329;-6.6401555130773;-28.3772239182486
43354;-6.2918492741048;-28.0482549341502
43398;-5.99554720176443;-27.7709289639991
43438;-5.7496778039536;-27.5443946052748
43475;-5.55394774334573;-27.3691766406649
43500;-5.40702227643695;-27.2455127567278
43524;-5.30481987697921;-27.1707183489981
43555;-5.24068222310082;-27.1356665873834
43588;-5.20617011679736;-27.1259223497444
43629;-5.1918928851401;-27.1269731908508
43656;-5.18961641632069;-27.1277703767179
43688;-5.19480965620872;-27.1216831440166
43727;-5.20695543064954;-27.1070570978223
43750;-5.22648142136069;-27.0873767423885
43786;-5.25125051364437;-27.0687255012794
43831;-5.27637679685696;-27.055394873819
43869;-5.29689422437478;-27.0480945505096
43902;-5.3103348836948;-27.0453755274853
43937;-5.3171273269105;-27.0453437149937
43963;-5.31918438549603;-27.0464723197953
43989;-5.31854246868044;-27.0478208722387
44025;-5.316759208105;-27.0489538971483
44063;-5.31478589559043;-27.0497623253243
44104;-5.31307182714327;-27.0502976949167
44122;-5.31173882919223;-27.0506601878908
44143;-5.31074001846966;-27.050940459088
44182;-5.30997052009378;-27.0511988826504
44227;-5.30932883842208;-27.051465199261
44254;-5.30874116439614;-27.0517464633129
44293;-5.30816382599759;-27.0520367139011
44325;-5.30757626751826;-27.0523256156311
44361;-5.30697186292865;-27.0526053239703
44385;-5.30634958003471;-27.05287636147
44422;-5.30570700323175;-27.0531533467414
44443;-5.30503526857001;-27.0534687914588
44479;-5.304318692074;-27.0538698991401
44521;-5.30354213117577;-27.0544019994626
44559;-5.30270667193202;-27.0550725429607
44585;-5.30185293191927;-27.0557917068357
44634;-5.30108985265598;-27.05629504936
44655;-5.30062152284891;-27.0560757406666
44681;-5.30075479976565;-27.0543885174322
44709;-5.30185552290244;-27.0504289021608
44757;-5.30420555968672;-27.0438221595691
44791;-5.30771084530699;-27.0355378689964
44813;-5.31143807554623;-27.0292144009268
44848;-5.31303370028994;-27.0325566573475
44897;-5.30822399250976;-27.0579090907657
44931;-5.29081695021166;-27.1203500701418
44969;-5.25389932201564;-27.2322546416271
44996;-5.19211951516396;-27.3971753982169
45021;-5.10379483208772;-27.608406290556
45062;-4.99216132991304;-27.8528172132565
45085;-4.86483035554619;-28.1150482068401
45115;-4.73114412453101;-28.3787808270701
45154;-4.60045219621517;-28.6262331481198
45192;-4.48200374662507;-28.8388340752898
45222;-4.38309838553762;-28.9997772845929
45257;-4.30705250578729;-29.095828608682
45294;-4.25492993644035;-29.1179364998606
45320;-4.22775076705098;-29.0616272149345
45357;-4.22591933805536;-28.9253101333485
45384;-4.24919547149773;-28.7080044036436
45420;-4.2981132870846;-28.4094498914659
45457;-4.3743887365582;-28.0297657170138
45489;-4.48026697334725;-27.5683529170076
45509;-4.61736916686387;-27.0246978737317
45545;-4.78580343475524;-26.3986412189055
45591;-4.98422127891315;-25.6898028645737
45620;-5.20973502498506;-24.8995882890991
45661;-5.45815169468273;-24.0342923376994
45683;-5.7250395668904;-23.1064398955413
45710;-6.00511536246959;-22.1353672612418
45757;-6.290766151968;-21.1475524881176
45786;-6.57289878114129;-20.1748841725182
45814;-6.84247430134216;-19.2504854889374
45862;-7.09099156430125;-18.4042934375657
45896;-7.31117003442452;-17.6605750147188
45922;-7.49733824860551;-17.0368205610708
45956;-7.64488949348791;-16.5422421786714
45988;-7.75061495646573;-16.1763028758355
46019;-7.81455787024626;-15.9287924166683
46056;-7.8418158316665;-15.7815487076106
46097;-7.84301699593404;-15.710720149313
46120;-7.8325546543221;-15.6898998764399
46164;-7.82402130381286;-15.6951502410034
46189;-7.82483657675615;-15.7094007280045
46220;-7.8343119205611;-15.7232335709272
46259;-7.84700595960257;-15.7329993135689
46294;-7.85795393871684;-15.7384037734372
46324;-7.86508805370518;-15.7405790098912
46380;-7.86853488337431;-15.7409027732166
46407;-7.86930951089803;-15.7404557389462
46421;-7.86853488851207;-15.7398893131069
46454;-7.86708569154292;-15.7394958948182
46495;-7.86550436530686;-15.7393402825558
46524;-7.86405357048713;-15.739378062902
46551;-7.86281113480547;-15.739534927162
46587;-7.86175785994771;-15.7397469500751
46623;-7.86084016348772;-15.7399731657334
46675;-7.86000569340556;-15.7401944768798
46687;-7.85921744983639;-15.7404083673495
46725;-7.8584546247382;-15.7406225817185
46764;-7.85770734524679;-15.7408481447286
46802;-7.8569705028228;-15.7410926770868
46835;-7.85624011912405;-15.7413570158416
46857;-7.85551277185996;-15.7416367474773
46902;-7.85478623218666;-15.741925672674
46928;-7.85405996253808;-15.7422177396568
46961;-7.85333535630054;-15.7425071354568
46987;-7.8526157676889;-15.7427877275647
47030;-7.85190610368527;-15.74305302927
47062;-7.85121148221497;-15.7432977383502
47088;-7.85053426551706;-15.7435205770307
47127;-7.84986888958258;-15.7437257976668
47163;-7.84919458372505;-15.7439215525671
47190;-7.84846750992775;-15.7441169189307
47228;-7.84761632819347;-15.7443195282449
47261;-7.84654869200203;-15.7445338814273
47290;-7.84517972850384;-15.7447608315343
47318;-7.84349508857559;-15.7449986262436
47348;-7.84165713630949;-15.7452443510204
47396;-7.8401479772674;-15.7454948153566
47423;-7.83991142914648;-15.7457470233517
47458;-7.84240432819795;-15.7459983343742
47484;-7.84940011398058;-15.7462464236662
47522;-7.86232460858153;-15.7464895313017
47562;-7.88089052398987;-15.7467271093532
47591;-7.90195407013722;-15.7469602030154
47628;-7.92082028550011;-15.7471909124956
47654;-7.93435688992266;-15.7474210463151
47696;-7.94225003638296;-15.7476508170874
47728;-7.94576416359665;-15.7478784004871
47748;-7.94624546373106;-15.7481004329847
47786;-7.94432959662497;-15.748313318111
47814;-7.93969926614678;-15.7485151375831
47852;-7.93130756844116;-15.7487068894521
47886;-7.91809996763494;-15.7488918061168
47919;-7.9003454334456;-15.7490735036356
47957;-7.88073586561172;-15.7492545186964
47985;-7.86331462569628;-15.749435733638
48027;-7.85078846808979;-15.7496164832889
48056;-7.84339862746382;-15.7497951501539
48095;-7.83990808372484;-15.7499699912172
48131;-7.83878127562728;-15.7501397675267
48149;-7.83875813612011;-15.7503040775
48178;-7.83902349331186;-15.7504639483809
48218;-7.83916163988454;-15.7506228309633
48260;-7.8390318078696;-15.7507867457998
48296;-7.83864198635372;-15.7509621375717
48320;-7.83805411074699;-15.7511512896281
48353;-7.83732699913007;-15.7513463380634
48383;-7.83649161486881;-15.7515239668071
48421;-7.83555113583607;-15.7516440301197
48451;-7.83450064946025;-15.7516560796474
48491;-7.83336387114099;-15.7515181188177
48524;-7.83224437947844;-15.7512332417096
48549;-7.83138370016103;-15.7509098526828
48588;-7.83120523765336;-15.7508413129609
48628;-7.83230153497368;-15.7515756126302
48663;-7.83529731928534;-15.7539068679455
48685;-7.84050345265038;-15.7586754368044
48719;-7.84728861034567;-15.7662322317258
48761;-7.85316914387729;-15.7754483202686
48788;-7.85279320881119;-15.7822999771374
48827;-7.83730510162834;-15.7784095073704
48854;-7.79501075092405;-15.7505249373146
48886;-7.71456747997595;-15.6825503770254
48918;-7.58981611028802;-15.5607901876028
48950;-7.42200637853474;-15.3793008993743
48984;-7.21781717317014;-15.1407503368887
49019;-6.98636962379293;-14.8525899326549
49058;-6.7368295198222;-14.5224002762473
49096;-6.47629900458234;-14.1568310476885
49126;-6.20883774985522;-13.7645088952681
49161;-5.93596806899325;-13.356513082564
49192;-5.65784847341127;-12.9426753020863
49228;-5.37455622319483;-12.5307252713171
49262;-5.08768553254003;-12.127646632883
49291;-4.80153131654845;-11.7377480804236
49322;-4.52174899280168;-11.361323918693
49356;-4.25211247077435;-10.9970755378024
49389;-3.99242059300817;-10.6443753779614
49437;-3.73856400803742;-10.3029891758111
49465;-3.48483192954896;-9.97156766396562
49494;-3.22721714284379;-9.64735001704004
49524;-2.96457281317632;-9.32734046626855
49568;-2.69755195879472;-9.00912343505831
49587;-2.42758468411439;-8.69075176262101
49626;-2.15630468549486;-8.37026847122159
49647;-1.88517745063917;-8.04534057450354
49677;-1.61562232027397;-7.71456386857845
49718;-1.34937356004794;-7.3805473929857
49757;-1.0882475477735;-7.04983058148063
49777;-0.832915272391343;-6.72823441386975
49807;-0.581841068525104;-6.41726164701794
49854;-0.332581540564982;-6.11429285199159
49888;-0.0845084577405631;-5.81580973801154
49924;0.161005951092236;-5.52131084112365
49956;0.402816530027414;-5.23366431915255
49983;0.64055555842268;-4.95601543840475
50010;0.873646511148874;-4.68957009585748
50063;1.10197380249511;-4.43295488129268
50087;1.32719248882009;-4.18197886848421
50125;1.55254529164543;-3.93158404930575
50153;1.78198467058481;-3.67931513355389
50190;2.01920571635884;-3.42573803853071
50225;2.26606757496932;-3.17101070385182
50256;2.52097092405455;-2.9118210173335
50289;2.77903263688196;-2.64286367787347
50323;3.03423625312295;-2.3619820223828
50349;3.28210007085076;-2.07313395444254
50386;3.52159770616014;-1.78385519107375
50421;3.75487759335271;-1.50059888844025
50462;3.98498240712375;-1.2268023275399
50482;4.21347599973644;-0.963603791796746
50521;4.43975134220922;-0.710035599298208
50553;4.66297045995537;-0.462558888583354
50588;4.88375253835638;-0.216796807481397
50622;5.10244944170429;0.0293347843571464
50650;5.31765870258262;0.275801001397437
50679;5.52891157969621;0.523422522861991
50716;5.73958517536385;0.774021266832558
50748;5.95505897508508;1.02757175048498
50792;6.17816769776763;1.28157725506635
50821;6.40748037400756;1.53401700443213
50869;6.63950295703647;1.78607681054176
50902;6.87057786308341;2.04087014004524
50938;7.09715097676236;2.29940058213213
50965;7.31718623733126;2.5588009436219
50991;7.53128471851707;2.81408789054389
51014;7.74096041965912;3.0611748555338
51052;7.94702003222237;3.29924809372205
51077;8.14953914806994;3.53054222353501
51107;8.34744067164131;3.75794719399524
51153;8.53891212691182;3.98320580978201
51183;8.72352396025355;4.20638567101776
51220;8.90319868641265;4.42561224389578
51255;9.08131260527396;4.63820621590743
51289;9.26163546641723;4.84397238589898
51339;9.44749892684749;5.04612745506975
51394;9.64062923774866;5.24841097304331
51408;9.84011141367147;5.45392034901548
51423;10.043075515446;5.66626357764624
51458;10.2462923965139;5.88769259949035
51489;10.4464846162101;6.11504602510092
51531;10.640874244151;6.34062547190853
51560;10.8290278705791;6.5582701824532
51585;11.0133177837708;6.76687147957242
51612;11.1972863657124;6.96889554569852
51656;11.3837373794838;7.16830978723222
51692;11.5731896490677;7.36860551724559
51724;11.7630411575824;7.56996688352524
51756;11.9490708297484;7.76873068892766
51796;12.1288595244311;7.96057608312637
51823;12.3037933803539;8.14458441117163
51859;12.4778810830926;8.32489353936289
51926;12.6543461856186;8.50850524980551
51933;12.833339108438;8.69996652530276
51957;13.0130743128812;8.8981223977826
51989;13.1917159265355;9.09904548769094
52009;13.3676462454569;9.29897611645944
52051;13.5390722737873;9.49289004682251
52074;13.7037575000493;9.67420170067884
52123;13.858756530855;9.83858217887288
52167;14.0001224421279;9.98758817631816
52188;14.1231927184005;10.1264468755622
52225;14.224261513067;10.2573054022654
52242;14.3031682465304;10.3764119936716
52282;14.3644111909848;10.4788876006472
52315;14.4150712801443;10.5639057624977
52347;14.4609109161482;10.6332752593645
52398;14.503551180797;10.688736153344
52413;14.5409997422558;10.7340704422439
52448;14.5704749103307;10.7752445651829
52491;14.5906454917234;10.8141569578445
52526;14.6031837077772;10.8452296047282
52560;14.6127429209525;10.860836940345
52580;14.6234974174467;10.8588712576628
52612;14.6357012610503;10.8448407775305
52659;14.6465867832145;10.8277233890723
52690;14.6537489345815;10.8141737002859
52726;14.6567727789486;10.8063550007154
52762;14.6565653752362;10.8034877356061
52783;14.6543518352427;10.8038410317225
52822;14.6511714745189;10.805801872041
52853;14.6477148713451;10.8082679338505
52893;14.6443460224406;10.8106564801632
52916;14.6411957580302;10.812758176909
52957;14.6382607442902;10.8145721930348
52997;14.6354808014558;10.8161811725178
53015;14.632788110287;10.8176774989642
53060;14.6301302947301;10.8191309448695
53096;14.6274751552963;10.8205819494237
53132;14.6248068826817;10.8220467942476
53152;14.6221204041119;10.8235257811793
53179;14.6194167558177;10.8250102004906
53227;14.6166999733562;10.826487306784
53256;14.6139751010095;10.827944588931
53280;14.6112472912281;10.8293755277642
53317;14.60852196443;10.8307888330079
53356;14.6058054325971;10.8322208376652
53385;14.6031050677407;10.8337458235894
53409;14.6004279597849;10.8354742694441
53456;14.5977781852986;10.8375276029443
53487;14.5951554385485;10.8399781971898
53523;14.5925569182282;10.8427406010641
53559;14.5899799140627;10.8454052936653
53597;14.5874216781201;10.8470431240045
53621;14.5848758137021;10.8460834724029
53658;14.5823259194451;10.8404710286332
53693;14.5797380396633;10.8284097437245
53716;14.5770551989937;10.8100419739112
53746;14.5741999839247;10.7889383148544
53786;14.5710941820813;10.7705702592764
53821;14.5677063903975;10.7585075736374
53857;14.564136396296;10.7528910882475
53888;14.5607346036816;10.7519229295402
53920;14.5582306754077;10.7535466143084
53947;14.557804219191;10.7561928446479
53983;14.5609736104911;10.7589385318427
54009;14.5691208591623;10.761385313799
54054;14.5824449988477;10.7634597783536
54081;14.5991083357339;10.7652395768759
54119;14.6164193860985;10.7668403440029
54155;14.6333509417506;10.7683596256141
54182;14.6510115082696;10.7698596916334
54219;14.6702948813196;10.7713708426964
54251;14.6895579977441;10.7729019944975
54288;14.7053382628698;10.7744511809719
54322;14.715284772012;10.7760130472142
54353;14.7194964047943;10.7775829640361
54387;14.7195076427771;10.7791584459496
54434;14.7170543038314;10.7807386830807
54458;14.7135033853297;10.7823231066539
54490;14.7097113012667;10.7839103759118
54518;14.7060984753083;10.7854986372815
54551;14.7027939987562;10.7870862340703
54583;14.6997715832712;10.7886716361402
54613;14.6969467868627;10.7902527421801
54663;14.6942328526011;10.7918269412501
54687;14.6915646929038;10.7933924849149
54722;14.6889033721795;10.7949494852986
54755;14.6862313650533;10.7964990597873
54793;14.6835451656813;10.7980417227752
54822;14.6808485312772;10.7995766972722
54860;14.6781473977813;10.8011025055321
54893;14.6754464929214;10.8026183221218
54919;14.6727479732452;10.8041249118421
54949;14.6700521924489;10.805624425186
54997;14.6673593011139;10.8071199864839
55034;14.6646702164477;10.8086161638151
55052;14.6619866852912;10.8101197000916
55089;14.6593105860294;10.8116383145675
55113;14.6566427257495;10.8131765387104
55156;14.6539821327301;10.8147317094519
55182;14.6513266108593;10.8162942923136
55223;14.6486738767307;10.8178524354322
55251;14.6460223264745;10.8193982252471
55287;14.6433713152631;10.8209349335946
55323;14.6407211480478;10.8224856379162
55357;14.6380728770776;10.8241016716546
55386;14.6354278925129;10.8258652723185
55430;14.6327873329789;10.8278750719499
55457;14.6301516117277;10.8301976086567
55493;14.6275202406281;10.8327686168341
55521;14.6248917544609;10.8352414183856
55544;14.6222638400376;10.836812680805
55591;14.6196340708391;10.8361156617594
55608;14.6170009734041;10.8313580903852
55655;14.6143645638509;10.8209730315464
55689;14.6117261056122;10.8050859908894
55727;14.6090877136934;10.7868159552759
55757;14.6064522218301;10.7709411029744
55787;14.60382303862;10.7605779679537
55821;14.6012034776493;10.7558485806831
55852;14.5985956140644;10.7551828805357
55894;14.5959999421158;10.7567862320438
55921;14.5934166935707;10.7592899859031
55956;14.5908474811343;10.7618888751153
55999;14.5882953775327;10.7642340122933
56017;14.5857626122406;10.7662590392145
56062;14.5832455649922;10.7680295332506
56091;14.5807270907713;10.7696449579671
56119;14.5781674036972;10.7711897356138
56149;14.5754970259062;10.7727179352313
56183;14.5726188079316;10.7742557048756
56228;14.5694301408536;10.7758100177072
56259;14.5658792986689;10.7773774216832
56291;14.5620676892801;10.7789504466401
56322;14.5583973775633;10.7805217201467
56349;14.5557350407758;10.7820864797957
56381;14.555514350197;10.7836434278859
56423;14.5596285443626;10.7851939128504
56462;14.5698899396632;10.7867404804548
56501;14.5867943621974;10.7882854667646
56530;14.6084299938404;10.7898293136083
56552;14.6316022473038;10.7913690247703
56589;14.6543587070563;10.7928985317729
56636;14.6760968770404;10.7944124874763
56654;14.6954346783932;10.7959135982724
56685;14.7099870175218;10.7974227456546
56722;14.7184197260412;10.7989899092721
56756;14.7213866907257;10.8007003957309
56787;14.7205863557854;10.8026631160913
56810;14.71771392184;10.8049577088451
56854;14.7140217191916;10.8075189344476
56886;14.7102495636527;10.8099583741454
56919;14.7067290447711;10.8113621805044
56950;14.7035338115273;10.8101683483372
56988;14.7006099579386;10.8043250826417
57021;14.6978640461012;10.7920368257759
57052;14.6952103984743;10.773445058001
57081;14.6925889555448;10.7521192075998
57120;14.6899660930269;10.7335299845035
57148;14.6873280519851;10.7212471305964
57181;14.684672989895;10.7154122687494
57222;14.6820045543006;10.7142290385053
57254;14.6793277884003;10.7156430061566
57280;14.6766470803519;10.7180867955753
57328;14.6739655150876;10.7206379949699
57359;14.6712849799423;10.7228973504209
57380;14.6686064868357;10.7247900298312
57416;14.6659303791768;10.7263926904292
57455;14.6632563490182;10.7278202406186
57483;14.660583419865;10.7291693116624
57510;14.6579100719355;10.7305011169465
57543;14.6552344551495;10.7318450485216
57589;14.6525544842864;10.7332093423946
57618;14.6498678765725;10.7345914237147
57658;14.6471726305902;10.7359851472909
57690;14.6444680650897;10.7373846926546
57722;14.6417554025593;10.7387859938614
57762;14.6390371012979;10.7401868089053
57784;14.636315680369;10.74158627453
57824;14.6335930282241;10.7429844313496
57867;14.6308702677689;10.744381934525
57884;14.628147882885;10.7457799715072
57932;14.625425914256;10.7471802598972
57963;14.6227041302511;10.7485848801359
57990;14.6199821524341;10.7499956052045
58017;14.6172595727121;10.7514127608424
58061;14.6145361235923;10.7528345629011
58089;14.6118119345564;10.75425774633
58121;14.6090878778061;10.7556790009526
58160;14.6063659640569;10.7570962988347
58190;14.6036496246867;10.7585094650479
58218;14.6009435316642;10.7599196373503
58248;14.5982524139808;10.7613281011527
58290;14.5955782096253;10.7627354817491
58321;14.5929150273716;10.7641417400429
58362;14.5902420221723;10.765546793638
58384;14.5875156962547;10.7669513990901
58427;14.5846656166076;10.7683575063975
58451;14.5816010386289;10.7697672148862
58486;14.5782395311927;10.7711812552681
58523;14.5745701294502;10.7725989019797
58540;14.5707591279652;10.7740191737872
58590;14.5672914897947;10.7754419190528
58621;14.5651093633883;10.7768682601761
58651;14.5656579271515;10.7783003702959
58686;14.5706822653311;10.7797403979247
58711;14.5815576280721;10.7811888791655
58758;14.5979246111115;10.7826441443232
58785;14.6165497678102;10.7841034827506
58817;14.6326279953638;10.7855646640459
58843;14.6429130754934;10.7870265674529
58886;14.6470704302832;10.7884891306873
58919;14.6466347439262;10.7899530400448
58949;14.6437758992262;10.7914192313526
58985;14.6407574103504;10.792888283985
59024;14.6397798264137;10.7943601070086
59059;14.6428550769908;10.7958341751669
59092;14.6513654340329;10.7973099517352
59121;14.6650168647708;10.7987870578733
59148;14.6809511403056;10.8002651710285
59188;14.6949433128346;10.8017439137423
59226;14.704147142761;10.8032229466018
59263;14.7082366290276;10.804702210531
59287;14.7084088229012;10.806182154056
59332;14.7061882796492;10.8076638603205
59351;14.7028393460784;10.8091489556696
59379;14.6991871120851;10.8106390606598
59421;14.6956569349416;10.8121348490556
59456;14.6923954635528;10.8136355245173
59489;14.6893941847525;10.8151393075587
59523;14.6865818059154;10.8166443569737
59558;14.6838795344237;10.8181493878785
59582;14.6812263447731;10.8196539704193
59624;14.678584950643;10.8211586823019
59654;14.6759379225556;10.8226650033971
59697;14.6732803057133;10.8241747083208
59728;14.6706124780374;10.8256888958387
59760;14.6679356916355;10.8272074360089
59799;14.6652509838266;10.8287293428262
59827;14.6625595857832;10.8302535061624
59875;14.6598628317207;10.8317790239171
59897;14.6571617048367;10.8333050091555
59921;14.6544569220645;10.8348300910057
59958;14.6517497584172;10.8363518935767
59998;14.6490434087023;10.8378668425168
60048;14.6463445794257;10.8393707857805
60057;14.6436641816301;10.8408614977783
60079;14.641014475877;10.8423452438641
60121;14.6384023786679;10.8438485176139
60154;14.6358250755987;10.8454306799487
60188;14.6332727473923;10.8471876721001
60218;14.6307344147937;10.8492337759687
60267;14.6282015793139;10.8516447777452
60303;14.6256692703245;10.8543453369494
60341;14.6231359062548;10.8569365352987
60361;14.6206028056549;10.8584970093266
60393;14.6180736342742;10.8574607014426
60444;14.6155536096894;10.8517743596533
60464;14.6130479630431;10.8396423743445
60505;14.6105589372757;10.8212067246923
60540;14.608080678951;10.8000374822737
60572;14.6055920740796;10.7816055578109
60596;14.6030490853983;10.7694794763278
60626;14.6003806224277;10.7637979572235
60664;14.5974953449726;10.7627614197084
60700;14.594310220349;10.7643141153889
60729;14.590813211585;10.7668903303968
60751;14.5871685663538;10.7695711409751
60780;14.5838582926424;10.7719604012326
60825;14.5818216874957;10.7739846073295
60852;14.5825032843835;10.7757201549649
60907;14.587653417202;10.7772813032708
60928;14.5986643898882;10.7787645334284
60964;14.6152128153055;10.7802314554325
60988;14.6341248494757;10.7817122056927
61012;14.6506737299178;10.7832159752089
61046;14.6616857509596;10.7847409672184
61090;14.6668376688858;10.7862808916583
61124;14.6675217161044;10.7878281771695
61152;14.665487762862;10.7893751894804
61194;14.6621795909404;10.7909145751986
61217;14.6585357841526;10.7924399411337
61265;14.6550378564695;10.7939486026826
61285;14.6518498008217;10.7954477223949
61312;14.6489597342607;10.7969634387797
61342;14.6462855912891;10.7985501171572
61383;14.6437382295143;10.8002932388526
61410;14.6412501303396;10.8022944023068
61450;14.6387818104984;10.8046223132848
61493;14.6363163626795;10.8072138373479
61519;14.6338491179457;10.8097217298777
61555;14.6313763151035;10.811339723189
61585;14.6288842869582;10.8106965091947
61617;14.6263400596326;10.8059954973703
61654;14.6236863403641;10.7956670904867
61680;14.6208470757995;10.7798357332179
61720;14.6177524599032;10.7616197379637
61750;14.6143934832875;10.7457960639607
61786;14.6109131068722;10.7354798460885
61821;14.607729129095;10.7307924735616
61853;14.6056564472018;10.7301643380205
61887;14.605950549996;10.7318020086249
61926;14.6101356782652;10.7343382343841
61969;14.6194269739763;10.7369688657445
61990;14.6335439081164;10.7393456280798
62022;14.6497160116171;10.7414022381553
62048;14.6638156021255;10.7432038202792
62094;14.6730736360362;10.7448489298947
62125;14.6772142507002;10.7464209593713
62145;14.6774611895469;10.7479734497849
62182;14.6753482623875;10.749533031098
62205;14.6721364062217;10.7511082351093
62255;14.6686390021115;10.7526980724482
62282;14.6652672743264;10.7542982036144
62306;14.6621574742795;10.7559044308856
62348;14.6592972933775;10.7575140473115
62384;14.6566164131589;10.7591257712237
62425;14.6540377738264;10.7607389928991
62454;14.6514998605238;10.7623531568477
62491;14.6489618247669;10.7639677900489
62517;14.6464007787799;10.7655827581625
62550;14.6438077804346;10.7671978721312
62579;14.6411853250632;10.7688120245264
62608;14.6385447129786;10.7704233518939
62653;14.6359009485072;10.7720308940681
62681;14.6332659449325;10.77363586923
62718;14.630641418702;10.7752409061507
62751;14.6280112193035;10.7768481825499
62792;14.6253336600904;10.7784585585312
62827;14.6225377537402;10.7800721454456
62851;14.6195308833399;10.7816889644524
62881;14.6162283430794;10.783308802661
62909;14.6126166543171;10.7849306100784
62952;14.6088590090126;10.7865522091798
62985;14.6054364930672;10.7881710571427
63021;14.6032872246137;10.7897857174027
63056;14.6038541855324;10.7913964917012
63077;14.6088859417986;10.793004630961
63108;14.619772823745;10.7946112902468
63146;14.6361892030046;10.7962173588374
63204;14.6549592935043;10.7978239441666
63229;14.6713559803486;10.7994324377588
63253;14.6822074649939;10.8010435576824
63303;14.6871935733977;10.8026558196218
63331;14.6877088159352;10.8042642471726
63361;14.6855033876788;10.8058598478343
63423;14.6820196095979;10.8074305803664
63459;14.6781940272296;10.8089652646342
63488;14.6745071443374;10.8104609419128
63525;14.6711237650374;10.8119311819098
63569;14.6680338794304;10.813413019166
63603;14.665156862975;10.814972939692
63627;14.6624034458739;10.8167083618754
63652;14.6597038800146;10.8187312917251
63683;14.6570144831455;10.8211143082296
63719;14.6543133579208;10.8237800606253
63739;14.6515926991339;10.8263297831472
63787;14.6488518497942;10.8278441279677
63829;14.6460929714944;10.8267595722832
63879;14.6433193999603;10.8210245705586
63894;14.6405351846265;10.8088443438524
63916;14.6377444111993;10.7903615953261
63957;14.6349505268168;10.7691471282534
63985;14.6321563447986;10.7506727412615
64029;14.6293646046869;10.7385092148135
64053;14.626578586477;10.7327993531968
64077;14.6238022855021;10.7317475300078
64108;14.6210396024671;10.7332990398161
64153;14.6182919766769;10.7358854832847
64182;14.6155540319259;10.7385831546442
64220;14.6128073352482;10.7409912169515
64247;14.6100136256479;10.7430328290979
64279;14.6071110569305;10.74478261956
64306;14.6040199762881;10.7463542411523
64359;14.6006677989169;10.7478442506512
64387;14.5970438478127;10.7493146292644
64427;14.5932914558449;10.7507957507337
64455;14.5898316094099;10.7522966386065
64489;14.5874849192931;10.7538151848503
64516;14.5875138522044;10.7553454448023
64556;14.5914488496374;10.7568816655256
64594;14.6005078970735;10.7584198109098
64623;14.61440865456;10.7599576276063
64651;14.6303755265771;10.761494116421
64684;14.6442747722448;10.7630289296921
64717;14.6533318639641;10.7645620128251
64755;14.6572667174081;10.7660936728624
64784;14.6573008375703;10.7676247825262
64823;14.6549691489777;10.7691565545516
64854;14.651538342173;10.7706898031414
64884;14.6478301816895;10.772224331496
64933;14.6442589495676;10.7737593755523
64949;14.6409469195667;10.7752949138993
64989;14.6378410215819;10.7768324122777
65024;14.6348009275686;10.7783744002241
65051;14.6316601564901;10.7799232367475
65081;14.628278454313;10.7814795446076
65121;14.6246086580334;10.7830416016789
65157;14.6207966709918;10.7846065601344
65184;14.6173159650791;10.7861721584046
65215;14.6151023312931;10.7877373536767
65251;14.615599517388;10.7893020183389
65291;14.6205588421449;10.7908664402866
65320;14.6313746180121;10.7924309023027
65348;14.6477255570656;10.7939953121477
65389;14.6664393414196;10.7955588508103
65423;14.6827900502329;10.7971197189981
65453;14.6936043379783;10.7986750911435
65494;14.6985590302598;10.8002214195409
65528;14.6990462232639;10.8017555304542
65555;14.6968155713825;10.8032765038865
65586;14.6933107682766;10.8047866299594
65620;14.6894705319459;10.8062900914188
65660;14.6857766246957;10.8077908341819
65684;14.6823931842807;10.8092914952295
65717;14.679308077243;10.8107933852781
65741;14.6764382264306;10.8122969581789
65784;14.6736923663732;10.8138025214692
65807;14.6709995918242;10.8153108975525
65844;14.6683161039356;10.8168236940809
65887;14.6656209972676;10.8183429116129
65919;14.6629085143314;10.8198701266279
65959;14.660180829842;10.8214062516502
65984;14.6574429107709;10.8229518794275
66017;14.6546996417532;10.8245069517583
66051;14.6519546826837;10.8260700713235
66085;14.649210234237;10.8276387227316
66121;14.6464672436326;10.8292101265985
66156;14.6437258899092;10.8307820986267
66191;14.6409861076801;10.8323536970851
66217;14.6382479427666;10.8339252053786
66253;14.6355116635647;10.8354974367155
66280;14.6327775730769;10.8370707931514
66318;14.6300456381923;10.8386445380529
66354;14.6273153999324;10.8402169271994
66382;14.6245864959309;10.8417860291888
66416;14.6218594409573;10.8433501800373
66447;14.61913604301;10.8449080176289
66479;14.6164192606434;10.8464590649736
66525;14.6137125291793;10.8480049603631
66560;14.6110181986992;10.8495500119285
66583;14.6083345669374;10.8511001999437
66620;14.6056517239569;10.8526611948676
66647;14.6029472361212;10.8542355302968
66685;14.6001823014772;10.8558188270742
66714;14.5972992805507;10.8573971286132
66749;14.5942258426393;10.8589480933541
66783;14.5908966793982;10.8604472045886
66822;14.5873054862509;10.8618786740092
66866;14.5835959464326;10.8632479933583
66928;14.5801865378813;10.8645930729791
66935;14.577894629314;10.865994958395
66953;14.5779802662006;10.8675859692343
66993;14.5819730835893;10.8695406821171
67028;14.5910922367188;10.8720235173047
67063;14.6050585425024;10.8750621795598
67101;14.621101009766;10.8783263627003
67131;14.6350903722987;10.8808301603211
67170;14.6442532243347;10.8806588885101
67199;14.648301917584;10.8749528163581
67229;14.6484344085279;10.860545176128
67255;14.6461386791958;10.8357801939507
67297;14.6426081521679;10.8026553092708
67338;14.6385743192461;10.7667621550442
67371;14.6343766690479;10.7347857183376
67398;14.6301461487516;10.7116437112282
67423;14.6260334446918;10.6986565076881
67455;14.6224431613837;10.693893728724
67488;14.6202295748466;10.6942208154506
67521;14.6207706402025;10.6969235712208
67553;14.6257749549401;10.7002359410265
67596;14.6366142771686;10.7032779762693
67629;14.6529586785742;10.7057761596827
67658;14.6716353257339;10.7077775482253
67689;14.6879226050016;10.7094440069958
67733;14.6986545234549;10.7109374724208
67768;14.7035160500741;10.7123742332642
67801;14.7039059617406;10.7138195244787
67848;14.7015782620409;10.7152990978401
67868;14.697979199433;10.716814108699
67891;14.6940494472965;10.7183538482571
67922;14.6902731860987;10.7199050743781
67958;14.6868177294288;10.7214578471671
67984;14.6836739603386;10.7230073913463
68019;14.6807597560231;10.7245526033278
68050;14.6779814028145;10.7260936755283
68084;14.6752626242699;10.7276306056264
68116;14.6725529417692;10.729162766705
68140;14.6698252604365;10.7306892751108
68193;14.6670698075483;10.7322097300412
68225;14.6642877393845;10.7337247902864
68251;14.6614854939739;10.735236093794
68287;14.6586706812319;10.7367453551948
68329;14.6558497756695;10.7382531353354
68366;14.6530272803116;10.7397578811784
68394;14.6502058731506;10.741255478155
68427;14.647386939647;10.7427396576898
68451;14.6445710143287;10.7442040807859
68482;14.641758016119;10.7456458966847
68521;14.6389475000324;10.7470677388894
68561;14.6361391207504;10.7484758551245
68600;14.6333331398494;10.7498766695816
68621;14.6305306632456;10.7512748338618
68666;14.6277334024185;10.7526729708087
68693;14.6249427996027;10.7540721759914
68723;14.6221587353995;10.7554726827214
68759;14.6193788485221;10.7568743953472
68784;14.6165992759363;10.7582771874595
68820;14.6138163635155;10.7596809539562
68850;14.6110284247296;10.7610854377194
68884;14.6082367416394;10.7624898705532
68928;14.6054453244404;10.7638925186581
68950;14.60265970481;10.7652904986584
68976;14.5998851670715;10.7666805127771
69007;14.5971241760908;10.7680605550154
69040;14.5943723445599;10.7694314794216
69080;14.5916126063107;10.7707971303369
69122;14.588808614171;10.772162881546
69146;14.5859009224194;10.773533443973
69172;14.5828128076215;10.7749109183377
69218;14.5794752724073;10.776294304146
69246;14.5758812494289;10.7776809933707
69278;14.5721751356882;10.7790687362077
69334;14.5687712894221;10.7804564554994
69359;14.566468616218;10.7818440443185
69395;14.5664849945131;10.7832318832725
69437;14.5702793830776;10.7846203590301
69458;14.5789785379526;10.7860094414162
69500;14.5922178423536;10.7873984676975
69526;14.6072106566131;10.7887862735075
69547;14.6199879206325;10.7901716460174
69587;14.6282561701039;10.791553911217
69619;14.6326718380831;10.7929332415067
69678;14.6358966932738;10.7943104461023
69689;14.6412114076197;10.7956865999753
69721;14.6512716474299;10.7970628999597
69762;14.6665759743832;10.7984406885294
69788;14.6843725855422;10.7998214076644
69824;14.7000786098533;10.8012062593113
69847;14.7105098641893;10.8025956421358
69884;14.7152703982438;10.8039891108629
69918;14.7156722803495;10.8053864084709
69958;14.7134029099411;10.8067889157852
69989;14.7098680017479;10.8082004605409
70016;14.7059900911184;10.8096272893164
70049;14.7022512031659;10.8110779665881
70077;14.6988264375582;10.8125631275428
70121;14.6957184924428;10.8140924891771
70148;14.6928549286647;10.8156682156955
70181;14.6901458165964;10.8172805242007
70224;14.6875133691447;10.8189107872196
70255;14.6849025810461;10.8205385719077
70290;14.6822793514135;10.8221473596474
70321;14.6796233851179;10.8237286727904
70348;14.6769219817397;10.8252869317215
70383;14.6741684835264;10.826847315738
70427;14.6713650453508;10.8284659856562
70470;14.6685236867591;10.8302353703793
70494;14.6656617158247;10.8322690323344
70518;14.6627956548041;10.8346459417028
70550;14.6599376415684;10.8372967490699
70582;14.657093737034;10.839829408396
70609;14.6542639894941;10.8413289053765
70680;14.6514446399045;10.8402348219435
70687;14.6486309685214;10.8344992391717
70712;14.6458191915334;10.8223315565107
70781;14.6430073523985;10.8038776138593
70814;14.640195516911;10.7827088090022
70848;14.6373849358775;10.764293744875
70881;14.6345762035991;10.7521954362596
70915;14.6317679325474;10.7465458905928
70956;14.6289573746757;10.7455396387722
70993;14.6261422851559;10.7471169641382
71015;14.6233221116283;10.749710390241
71050;14.6204976852091;10.7524011846371
71081;14.6176701939945;10.7547950218124
71117;14.6148402662238;10.7568215174589
71156;14.6120073828439;10.7585604636644
71184;14.6091700480602;10.7601281549983
71214;14.6063269233241;10.7616209696124
71262;14.6034780131028;10.7630990781362
71282;14.6006250673256;10.7645911385992
71325;14.5977716209981;10.7661056961467
71360;14.5949232532968;10.767641752713
71386;14.5920877621785;10.769195696582
71416;14.5892743365729;10.7707640941656
71465;14.5864905299917;10.7723433197014
71493;14.5837357921355;10.7739285456046
71529;14.5809910905337;10.7755145864767
71557;14.5782062568281;10.7770983615604
71597;14.5752896485194;10.7786801824391
71616;14.5721086270096;10.7802621269704
71653;14.5685149441782;10.7818448354615
71690;14.5644138402149;10.7834247133211
71720;14.5598941318585;10.7849922515335
71759;14.5554233709627;10.7865321229685
71790;14.5520786412769;10.7880262711713
71823;14.5517196698125;10.7894605860586
71858;14.5569150075601;10.7908324669418
71893;14.5703226159684;10.7921527080611
71920;14.5931566532525;10.7934392273691
71948;14.6234690716759;10.79470904064
71996;14.6562574298258;10.7959745774042
72038;14.6855776771861;10.797243949621
72062;14.7069771980359;10.7985225385305
72104;14.7190776375306;10.7998142556616
72137;14.7233519752485;10.8011217279942
72165;14.7224669090372;10.8024455406428
72187;14.7188946631674;10.8037839330367
72223;14.7143797935964;10.8051336846951
72254;14.7099048426363;10.8064907131175
72278;14.7058750475242;10.8078499033701
72326;14.7023465575131;10.8092057211477
72349;14.6992131503068;10.8105536052672
72381;14.6963273058794;10.8118907244947
72409;14.6935622176813;10.8132160146025
72451;14.6908324184974;10.8145300278932
72470;14.6880914962614;10.8158345226919
72511;14.6853209299519;10.8171318319654
72550;14.682518468267;10.8184242796733
72586;14.6796896740141;10.8197137527463
72623;14.6768427278858;10.8210015839769
72658;14.6739853644404;10.822288910029
72692;14.6711234232673;10.8235774138225
72717;14.6682606714947;10.8248701518635
72761;14.6653992074338;10.8261719960803
72795;14.6625399279352;10.8274889755863
72824;14.6596828941157;10.8288262938895
72859;14.6568276426242;10.8301861365781
72879;14.6539735135486;10.8315665645378
72924;14.6511199082838;10.832961906967
72955;14.648266399233;10.8343643366904
72984;14.6454127601148;10.8357654561426
73020;14.6425589836902;10.8371571794392
73060;14.6397052835058;10.8385328777748
73078;14.6368520227531;10.839890193625
73107;14.6339994062348;10.8412362582904
73156;14.6311469594855;10.8425954703357
73195;14.6282934027049;10.8440183944048
73209;14.6254373348635;10.8455858160697
73255;14.6225780591664;10.8473955388455
73279;14.6197158313195;10.8495147495756
73324;14.6168518164747;10.8518818298133
73355;14.6139882672864;10.8541544271039
73389;14.6111289709539;10.8555342279036
73407;14.6082797765497;10.8546598296048
73442;14.6054487009074;10.8497446883784
73483;14.6026445700848;10.8392264046713
73515;14.5998739926305;10.8232304336345
73557;14.5971386856913;10.8048698632305
73580;14.5944343276617;10.7889146246398
73624;14.5917484830858;10.7784753899792
73652;14.5890552333501;10.7736724855749
73683;14.5863079004116;10.7729373189391
73725;14.5834346515548;10.7744776903491
73751;14.5803449027096;10.7769256922854
73782;14.5769576380948;10.7794732128146
73819;14.5732640264058;10.7817648494293
73852;14.5694323761977;10.7837254446821
73886;14.5659483407353;10.7854119622532
73916;14.5637517609881;10.7869196550907
73954;14.5642804290117;10.7883401648073
73988;14.5692649887711;10.7897564366638
74018;14.580058654801;10.7912560657933
74048;14.5962756865595;10.7929436217436
74092;14.6146624629072;10.7949318768087
74128;14.6304203670633;10.7972919275107
74160;14.6403669349109;10.7999447028125
74186;14.6443250830008;10.8024898329533
74223;14.6441111369262;10.8040058683758
74247;14.6422985041234;10.8029266335514
74281;14.6415958767706;10.7971981419028
74319;14.6444737818572;10.7850236588017
74349;14.6526319312301;10.7665440126829
74372;14.6659509816113;10.7453283038109
74418;14.681641292403;10.7268472214231
74446;14.69548348653;10.71467077315
74499;14.7046086985444;10.7089410535874
74534;14.7086624094693;10.7078624890748
74555;14.7088183279255;10.7093819006438
74589;14.7065863180273;10.7119332217082
74621;14.7032239076656;10.7145943691629
74657;14.6995545614112;10.716964465362
74718;14.696004440777;10.7189649788185
74743;14.6927215297061;10.7206680623791
74763;14.6896980839708;10.7221854917455
74789;14.6868621761442;10.7236133012338
74829;14.6841325620466;10.7250140402464
74878;14.681444993703;10.7264196523598
74889;14.6787600719762;10.7278421292812
74932;14.6760600546194;10.7292837163768
74969;14.6733411641287;10.7307435298211
74993;14.6706065050333;10.7322205954754
75019;14.6678614328065;10.7337145213242
75056;14.6651110920995;10.7352249458706
75092;14.6623593692422;10.7367505167287
75115;14.6596086456325;10.7382885656058
75147;14.6568599355417;10.7398359037895
75186;14.6541132334808;10.7413895932257
75216;14.6513680235214;10.7429471389991
75253;14.6486237170939;10.7445066537951
75289;14.6458798259936;10.7460670618519
75318;14.6431359422687;10.7476280214162
75352;14.6403916443277;10.749189586639
75388;14.6376463933021;10.7507517268428
75410;14.6348994770403;10.7523137170143
75457;14.6321501032207;10.7538734811965
75494;14.6293977397471;10.7554275132238
75525;14.6266426004428;10.7569723790728
75572;14.6238860139193;10.7585071257691
75588;14.6211305917959;10.7600342850737
75627;14.6183802570839;10.7615589860217
75658;14.6156399197938;10.7630876547274
75679;14.6129142291623;10.7646268049337
75731;14.6102047178294;10.7661813688655
75752;14.6075048354457;10.7677529346265
75800;14.6047930353476;10.769339320098
75843;14.602025400192;10.7709360247082
75869;14.5991315466645;10.7725383567036
75888;14.5960210718229;10.7741428145823
75932;14.5926116523019;10.77574741616
75961;14.5888914547721;10.7773514310479
75987;14.5850242446589;10.7789549540156
76029;14.5814906352092;10.7805585143515
76063;14.5792275073125;10.7821627543335
76096;14.5796764128031;10.7837681252628
76138;14.5845852723415;10.785374487369
76186;14.5953456569378;10.7869806725503
76222;14.6116353107;10.7885845523328
76253;14.6302825998858;10.7901841905836
76282;14.6465631911937;10.7917795885396
76314;14.6573058272664;10.7933732456803
76358;14.6621900852973;10.7949685539607
76393;14.6626117857842;10.796567597066
76417;14.6603253134522;10.7981704071832
76454;14.6567797516953;10.7997756826913
76488;14.6529189822254;10.8013818014726
76523;14.6492274215048;10.8029875301617
76552;14.6458646421468;10.8045925065344
76581;14.6427999570053;10.8061976755259
76629;14.6399108816422;10.8078054006085
76658;14.6370424035626;10.8094184151631
76683;14.6340418096004;10.8110375909705
76718;14.6307909366878;10.8126597790861
76749;14.6272569971012;10.8142764191912
76786;14.6235762982742;10.8158729112118
76823;14.620169851014;10.8174297460325
76853;14.6178605317436;10.8189278903255
76880;14.6179140115513;10.8203584271888
76908;14.621864924689;10.8217286328937
76951;14.630936090176;10.8230574978081
76994;14.6448501154946;10.8243660829151
77027;14.6608362462211;10.825671304846
77055;14.6747651652534;10.8269844161457
77083;14.6838651520693;10.8283123561109
77121;14.6878552427229;10.8296603317484
77145;14.6879513014088;10.8310331016773
77184;14.6856794785222;10.8324332484419
77224;14.6822982305641;10.8338581602677
77262;14.67862643361;10.8352992466136
77283;14.6750869365757;10.8367441318353
77315;14.6718285920995;10.8381797039415
77361;14.6688475036168;10.8395952304186
77392;14.6660749935717;10.8409868578113
77422;14.6634299797093;10.8423643739132
77457;14.6608451818558;10.8437599235604
77483;14.6582759891507;10.8452368255214
77522;14.6556988565976;10.8468921161001
77553;14.6531053418983;10.848839416003
77592;14.6504957514116;10.8511533363445
77621;14.6478740747191;10.853757544109
77657;14.645244780877;10.8562526570859
77681;14.6426114275053;10.8577175293041
77725;14.6399765872818;10.8565870294576
77753;14.6373425021747;10.8508093947418
77784;14.6347120053219;10.8385904858118
77823;14.6320892920138;10.8200726771799
77847;14.62948000873;10.7988249297569
77898;14.6268900120296;10.7803170252163
77931;14.624322137619;10.768119009968
77952;14.6217706305134;10.762375118125
77982;14.6192137977404;10.7612933987152
78020;14.6166066909745;10.7628236021116
78050;14.6138774238088;10.7654002508026
78082;14.6109340370481;10.7680994858638
78119;14.6076927789913;10.7705170033144
78162;14.6041405130808;10.7725698940185
78194;14.6004399777403;10.7743252052298
78221;14.5970713945329;10.7758888431836
78252;14.5949721674806;10.7773514412128
78280;14.5955853532875;10.7787728597436
78323;14.600661017186;10.7801856556932
78360;14.6115926825736;10.7816040223795
78390;14.6280593141065;10.7830320357264
78424;14.6468902026655;10.7844697735818
78467;14.6633624165685;10.7859173732733
78490;14.6743065766491;10.7873768259988
78527;14.679403295441;10.7888511093141
78559;14.6800464549817;10.790341420165
78578;14.6779843957272;10.7918454075976
78612;14.6746571829781;10.7933584599792
78660;14.6709993098827;10.7948761692069
78681;14.6674888757704;10.7963952693889
78726;14.6642873052541;10.7979129277708
78760;14.6613808327964;10.7994256170413
78787;14.658685988776;10.8009286656144
78814;14.6561122998392;10.8024173725623
78850;14.6535903182485;10.8038903775932
78879;14.6510776749962;10.8053557124495
78927;14.6485543992462;10.8068391277844
78950;14.6460149108508;10.8083924575911
78990;14.6434605696636;10.8100966828446
79009;14.64089429873;10.8120486609306
79047;14.6383175158844;10.8143138823375
79078;14.6357291391132;10.8168281413301
79106;14.6331264200123;10.8192456201848
79160;14.6305075393097;10.8207640542239
79187;14.6278751759605;10.8200170669786
79222;14.6252383229164;10.8152111672139
79251;14.6226099919065;10.8047768666098
79297;14.6200014867563;10.7888371925506
79325;14.6174150579633;10.7705097258708
79354;14.6148363576151;10.7545723090319
79383;14.6122280612564;10.7441420052371
79420;14.6095268120319;10.7393421310234
79470;14.6066494719533;10.7386043373743
79485;14.6035189201197;10.7401356110649
79523;14.6001199843628;10.7425684033635
79560;14.5965920207748;10.7450976322332
79588;14.593352491979;10.7473733220865
79634;14.5912188923814;10.7493269238328
79655;14.5914514607979;10.7510216148853
79683;14.5955802226089;10.7525549823555
79724;14.6048248781157;10.7540100524593
79747;14.6189059751741;10.755440008236
79786;14.6350505576544;10.7568713916731
79818;14.6491263416018;10.758313403773
79855;14.6583586808147;10.7597661388332
79891;14.6624657405841;10.7612260961762
79933;14.6626659191007;10.7626896616813
79966;14.6604905072632;10.7641551817698
80005;14.6572038743908;10.7656240147883
80017;14.6536301226482;10.7671006451016
80049;14.6501954409236;10.7685918137273
80084;14.6470491996701;10.7701050112752
80118;14.6441849097335;10.7716470423569
80155;14.6415270605588;10.7732229371495
80182;14.6389778939918;10.7748344826458
80213;14.6364330980703;10.7764784589695
80245;14.6337825693326;10.7781468459564
80281;14.6309141515008;10.7798298045587
80317;14.6277368119736;10.7815187163541
80346;14.6242379253379;10.783207143982
80376;14.6205842493988;10.7848903229613
80419;14.6172604698953;10.7865645190583
80460;14.6152070592925;10.7882267727968
80492;14.6158677773815;10.789874683508
80521;14.6209909733401;10.7915063248952
80552;14.631967328595;10.7931209204117
80585;14.6484733788612;10.7947194361875
80618;14.6673363663161;10.7963037612549
80653;14.6838305403455;10.7978750132063
80684;14.6947824799388;10.7994324175263
80716;14.6998686671658;10.8009737051873
80756;14.7004809194262;10.8024972584497
80784;14.6983687660915;10.8040060303475
80814;14.694975890007;10.8055135984656
80850;14.6912414506493;10.8070524968647
80889;14.6876484466038;10.8086836100008
80923;14.684362744013;10.8105004591832
80943;14.6813738276628;10.8126138224537
80980;14.6785998065519;10.8150967733007
81024;14.6759501039761;10.8178724481132
81062;14.6733540202309;10.8205411350442
81075;14.670767565889;10.822180290458
81123;14.6681693974685;10.8212210066079
81154;14.6655530692893;10.815605127538
81190;14.6629195417613;10.8035310333874
81226;14.6602717515503;10.7851354137235
81279;14.6576117402657;10.7639860524442
81289;14.6549401661012;10.7455561223137
81324;14.6522577431168;10.7334204976801
81357;14.6495673035371;10.7277264278693
81390;14.646874114757;10.7266827326575
81421;14.6441836286304;10.7282397671465
81452;14.6414991301168;10.7308346366283
81498;14.6388214699246;10.73354845198
81526;14.6361500616902;10.7359832384551
81559;14.633483756792;10.738062817938
81597;14.6308213312632;10.7398611956205
81625;14.628161538324;10.7414909434031
81658;14.6255026308848;10.7430472509239
81694;14.6228414884553;10.7445907697955
81713;14.6201726925391;10.7461516274301
81762;14.6174882757335;10.7477407315014
81788;14.6147794384963;10.7493599570603
81816;14.6120412693247;10.7510078094503
